regla,descripcion,tabla,N,CIBERESUCICOVID,POSTCOVID-Lleida,TENACITY,Virgen del Rocío
R01,nu_tabaquismo: código 9 -> NaN,pacientes,552,548,<10,0,0
R01,nu_exitus_hosp: código 9 -> NaN,pacientes,<10,<10,0,0,0
R01,sexo: 2 (no especificado) -> NaN,pacientes,0,0,0,0,0
R01,nu_sexo: 2 (no especificado) -> NaN,pacientes,0,0,0,0,0
R02,Tramo de edad que cruza grupos -> grupo_edad NaN (tramo original conservado),pacientes,39,<10,0,20,14
R07,fusionada_lleida == 1 -> cohorte_analisis = POSTCOVID_LLEIDA,pacientes,437,0,437,0,0
R07,enriquecida_vrocio == 1 -> cohorte_analisis = VIRGEN_DEL_ROCIO,pacientes,22,0,0,0,22
R04,visita_dias < 0 -> visita_dias_valida NaN (fuera del análisis temporal),pacientes,54,47,<10,<10,<10
R08,Exitus hospitalario -> superviviente = False,pacientes,2233,2233,0,0,0
R09,CIBERESUCICOVID con IH_PorcCMD < 50 -> cmd_ok = False,pacientes,2729,2729,0,0,0
R03,Fecha de la prueba ausente: se usa visita_dias (solo 1.ª visita),medidas,92,80,<10,<10,<10
R03,"Sin fecha ni visita_dias: válida, pero fuera de cualquier ventana temporal",medidas,20260,20079,165,16,0
R01,"Valor [9999, 99999] (no disponible)",medidas,0,0,0,0,0
R01,resolucion: código [3] (se desconoce),medidas,1071,1071,0,0,0
R04,Medida con fecha anterior al alta,medidas,793,753,12,<10,20
R05,Valor fuera del rango plausible,medidas,39,23,10,<10,<10
R06,Medida de CIBERESUCICOVID repetida en el registro socio (|Δdías| <= 30); valor idéntico (±1) en el 97 %,medidas,953,953,0,0,0
R14,fatiga = 0 deducida cuando resolucion = 0 (pregunta condicionada del cuaderno),medidas,2003,2003,0,0,0
R10,TENACITY M3: formulario de TAC no completo (ceros = sin rellenar),medidas,252,0,0,252,0
R10,TENACITY M6: formulario de TAC no completo (ceros = sin rellenar),medidas,140,0,0,140,0
R10,POSTCOVID_LLEIDA LV1: formulario de TAC no completo (ceros = sin rellenar),medidas,358,0,358,0,0
R10,POSTCOVID_LLEIDA LV2: formulario de TAC no completo (ceros = sin rellenar),medidas,284,0,284,0,0
R10,POSTCOVID_LLEIDA LA1: formulario de TAC no completo (ceros = sin rellenar),medidas,409,0,409,0,0
R10,POSTCOVID_LLEIDA LM18: formulario de TAC no completo (ceros = sin rellenar),medidas,18,0,18,0,0
R10,POSTCOVID_LLEIDA LM24: formulario de TAC no completo (ceros = sin rellenar),medidas,219,0,219,0,0
R10,POSTCOVID_LLEIDA LA3: formulario de TAC no completo (ceros = sin rellenar),medidas,55,0,55,0,0
R10,POSTCOVID_LLEIDA LA4: formulario de TAC no completo (ceros = sin rellenar),medidas,27,0,27,0,0
R10,CIBERESUCICOVID M3: visita sin TAC realizado,medidas,2556,2556,0,0,0
R10,CIBERESUCICOVID M6: visita sin TAC realizado,medidas,2306,2306,0,0,0
R10,CIBERESUCICOVID A1: visita sin TAC realizado,medidas,2630,2630,0,0,0
R04,Imagen con fecha anterior al alta,medidas,264,264,0,0,0
R08,Exitus hospitalario con seguimiento -> inconsistente (fuera del fenotipado),pacientes,104,104,0,0,0
R12,"TENACITY: visita aún no debida (corte 2026-07) -> no_le_toca, no abandono",visitas_tenacity,78,0,0,78,0
