horizonte|cohorte,variable,F1,F2,F3
H3|CIBERESUCICOVID,N,255.0,362.0,296.0
H3|CIBERESUCICOVID,Edad ≥ 65 (%),29.8,31.8,31.1
H3|CIBERESUCICOVID,Mujeres (%),17.7,34.0,30.7
H3|CIBERESUCICOVID,"Estancia (mediana, días)",21.0,27.0,30.0
H3|CIBERESUCICOVID,ingreso_uci (%),100.0,100.0,100.0
H3|CIBERESUCICOVID,traqueo (%),22.4,32.3,37.3
H3|CIBERESUCICOVID,hta (%),40.8,45.6,43.6
H3|CIBERESUCICOVID,diabetes (%),15.7,18.0,11.5
H3|CIBERESUCICOVID,epoc (%),3.9,6.4,
H3|CIBERESUCICOVID,card_cronica (%),11.8,10.2,9.5
H3|CIBERESUCICOVID,renal_cronica (%),,5.2,4.7
H3|CIBERESUCICOVID,reingreso (% sí / alterado),5.1,4.1,
H3|CIBERESUCICOVID,urgencias (% sí / alterado),14.5,17.1,15.0
H3|CIBERESUCICOVID,compl_cardiovascular (% sí / alterado),,4.4,
H3|CIBERESUCICOVID,compl_infecciosa (% sí / alterado),,3.9,
H3|CIBERESUCICOVID,tac_normalizado (% sí / alterado),24.5,15.7,11.4
H3|CIBERESUCICOVID,tac_infiltrados (% sí / alterado),33.6,23.5,24.8
H3|CIBERESUCICOVID,tac_epid (% sí / alterado),,11.4,8.1
H3|CIBERESUCICOVID,tractos_fibrosos (% sí / alterado),20.0,25.3,20.8
H3|CIBERESUCICOVID,fev1 (% sí / alterado),16.2,31.8,30.7
H6|CIBERESUCICOVID,N,272.0,289.0,238.0
H6|CIBERESUCICOVID,Edad ≥ 65 (%),33.1,38.1,35.7
H6|CIBERESUCICOVID,Mujeres (%),23.2,38.1,26.9
H6|CIBERESUCICOVID,"Estancia (mediana, días)",25.0,31.0,37.0
H6|CIBERESUCICOVID,ingreso_uci (%),100.0,100.0,100.0
H6|CIBERESUCICOVID,traqueo (%),25.5,34.3,46.2
H6|CIBERESUCICOVID,hta (%),38.2,47.8,47.9
H6|CIBERESUCICOVID,diabetes (%),17.3,23.9,20.6
H6|CIBERESUCICOVID,epoc (%),5.9,4.2,
H6|CIBERESUCICOVID,card_cronica (%),9.6,10.7,12.6
H6|CIBERESUCICOVID,renal_cronica (%),4.0,5.5,5.5
H6|CIBERESUCICOVID,reingreso (% sí / alterado),5.2,8.7,6.7
H6|CIBERESUCICOVID,urgencias (% sí / alterado),20.3,26.0,26.9
H6|CIBERESUCICOVID,compl_cardiovascular (% sí / alterado),,7.3,4.6
H6|CIBERESUCICOVID,compl_infecciosa (% sí / alterado),5.9,6.9,6.3
H6|CIBERESUCICOVID,tac_normalizado (% sí / alterado),26.3,13.1,18.0
H6|CIBERESUCICOVID,tac_infiltrados (% sí / alterado),30.4,33.3,36.0
H6|CIBERESUCICOVID,tac_epid (% sí / alterado),,8.2,11.2
H6|CIBERESUCICOVID,tractos_fibrosos (% sí / alterado),25.1,25.7,33.5
H6|CIBERESUCICOVID,fev1 (% sí / alterado),14.2,21.1,21.6
H12|CIBERESUCICOVID,N,194.0,192.0,180.0
H12|CIBERESUCICOVID,Edad ≥ 65 (%),36.6,38.0,41.1
H12|CIBERESUCICOVID,Mujeres (%),17.5,42.2,25.0
H12|CIBERESUCICOVID,"Estancia (mediana, días)",26.0,31.0,37.5
H12|CIBERESUCICOVID,ingreso_uci (%),100.0,99.5,100.0
H12|CIBERESUCICOVID,traqueo (%),25.4,34.9,46.4
H12|CIBERESUCICOVID,hta (%),40.2,49.0,52.2
H12|CIBERESUCICOVID,diabetes (%),14.9,21.9,20.0
H12|CIBERESUCICOVID,epoc (%),,5.7,6.7
H12|CIBERESUCICOVID,card_cronica (%),10.3,8.3,13.3
H12|CIBERESUCICOVID,renal_cronica (%),,6.8,6.7
H12|CIBERESUCICOVID,reingreso (% sí / alterado),11.4,9.9,10.0
H12|CIBERESUCICOVID,urgencias (% sí / alterado),29.0,31.2,31.1
H12|CIBERESUCICOVID,compl_cardiovascular (% sí / alterado),,7.8,
H12|CIBERESUCICOVID,compl_infecciosa (% sí / alterado),7.0,7.3,
H12|CIBERESUCICOVID,tac_normalizado (% sí / alterado),31.5,13.2,25.6
H12|CIBERESUCICOVID,tac_infiltrados (% sí / alterado),33.9,43.1,45.0
H12|CIBERESUCICOVID,tac_epid (% sí / alterado),,8.3,11.6
H12|CIBERESUCICOVID,tractos_fibrosos (% sí / alterado),26.8,34.0,44.2
H12|CIBERESUCICOVID,fev1 (% sí / alterado),15.1,20.5,23.6
H3|POSTCOVID_LLEIDA,N,164.0,105.0,195.0
H3|POSTCOVID_LLEIDA,Edad ≥ 65 (%),31.1,34.6,36.9
H3|POSTCOVID_LLEIDA,Mujeres (%),37.5,25.2,28.4
H3|POSTCOVID_LLEIDA,"Estancia (mediana, días)",14.0,15.0,20.5
H3|POSTCOVID_LLEIDA,ingreso_uci (%),78.7,82.9,73.2
H3|POSTCOVID_LLEIDA,traqueo (%),12.1,15.1,20.6
H3|POSTCOVID_LLEIDA,hta (%),46.2,39.6,51.1
H3|POSTCOVID_LLEIDA,diabetes (%),19.1,17.8,25.3
H3|POSTCOVID_LLEIDA,epoc (%),,,8.4
H3|POSTCOVID_LLEIDA,card_cronica (%),,,6.8
H3|POSTCOVID_LLEIDA,renal_cronica (%),6.3,,
H3|POSTCOVID_LLEIDA,hads_a (% sí / alterado),23.2,11.6,16.9
H3|POSTCOVID_LLEIDA,hads_d (% sí / alterado),13.9,,14.2
H3|POSTCOVID_LLEIDA,mmrc (% sí / alterado),18.1,12.0,30.4
H3|POSTCOVID_LLEIDA,pm6m (% sí / alterado),28.3,27.1,42.7
H3|POSTCOVID_LLEIDA,astenia (% sí / alterado),,,
H3|POSTCOVID_LLEIDA,fatiga_muscular (% sí / alterado),22.8,22.8,21.5
H3|POSTCOVID_LLEIDA,fev1 (% sí / alterado),32.9,,47.2
H3|TENACITY,N,70.0,31.0,53.0
H3|TENACITY,Edad ≥ 65 (%),41.0,,38.6
H3|TENACITY,Mujeres (%),38.7,50.0,34.8
H3|TENACITY,"Estancia (mediana, días)",20.5,14.0,24.0
H3|TENACITY,ingreso_uci (%),100.0,100.0,100.0
H3|TENACITY,traqueo (%),,,
H3|TENACITY,hta (%),37.1,38.7,58.5
H3|TENACITY,diabetes (%),18.6,,37.7
H3|TENACITY,epoc (%),15.7,,24.5
H3|TENACITY,card_cronica (%),,,24.5
H3|TENACITY,renal_cronica (%),,,
H3|TENACITY,hads_a (% sí / alterado),18.2,,
H3|TENACITY,hads_d (% sí / alterado),18.2,,
H3|TENACITY,mmrc (% sí / alterado),19.7,,21.3
H3|TENACITY,pm6m (% sí / alterado),41.7,37.0,59.1
H3|TENACITY,astenia (% sí / alterado),25.0,,30.6
H3|TENACITY,fatiga_muscular (% sí / alterado),,,
H3|TENACITY,fev1 (% sí / alterado),42.9,,73.6
H6|POSTCOVID_LLEIDA,N,133.0,57.0,194.0
H6|POSTCOVID_LLEIDA,Edad ≥ 65 (%),46.5,45.6,33.9
H6|POSTCOVID_LLEIDA,Mujeres (%),31.0,32.1,27.9
H6|POSTCOVID_LLEIDA,"Estancia (mediana, días)",17.5,15.0,18.0
H6|POSTCOVID_LLEIDA,ingreso_uci (%),71.4,66.7,78.9
H6|POSTCOVID_LLEIDA,traqueo (%),22.8,,23.3
H6|POSTCOVID_LLEIDA,hta (%),53.9,51.9,46.0
H6|POSTCOVID_LLEIDA,diabetes (%),23.4,,22.2
H6|POSTCOVID_LLEIDA,epoc (%),,,
H6|POSTCOVID_LLEIDA,card_cronica (%),,,5.3
H6|POSTCOVID_LLEIDA,renal_cronica (%),,,6.9
H6|POSTCOVID_LLEIDA,hads_a (% sí / alterado),11.9,,19.8
H6|POSTCOVID_LLEIDA,hads_d (% sí / alterado),10.3,0.0,13.4
H6|POSTCOVID_LLEIDA,mmrc (% sí / alterado),18.9,,27.7
H6|POSTCOVID_LLEIDA,pm6m (% sí / alterado),31.8,22.8,23.8
H6|POSTCOVID_LLEIDA,astenia (% sí / alterado),,0.0,
H6|POSTCOVID_LLEIDA,fatiga_muscular (% sí / alterado),22.0,,21.3
H6|POSTCOVID_LLEIDA,fev1 (% sí / alterado),18.0,0.0,39.2
H6|TENACITY,N,27.0,12.0,21.0
H6|TENACITY,Edad ≥ 65 (%),,,
H6|TENACITY,Mujeres (%),,,
H6|TENACITY,"Estancia (mediana, días)",22.0,17.0,25.0
H6|TENACITY,ingreso_uci (%),100.0,100.0,100.0
H6|TENACITY,traqueo (%),,,
H6|TENACITY,hta (%),55.6,,
H6|TENACITY,diabetes (%),,,
H6|TENACITY,epoc (%),,0.0,
H6|TENACITY,card_cronica (%),,,
H6|TENACITY,renal_cronica (%),,0.0,
H6|TENACITY,hads_a (% sí / alterado),,,
H6|TENACITY,hads_d (% sí / alterado),,,
H6|TENACITY,mmrc (% sí / alterado),,,
H6|TENACITY,pm6m (% sí / alterado),53.8,,52.6
H6|TENACITY,astenia (% sí / alterado),,,
H6|TENACITY,fatiga_muscular (% sí / alterado),,,
H6|TENACITY,fev1 (% sí / alterado),48.1,0.0,52.4
H12|POSTCOVID_LLEIDA,N,93.0,74.0,134.0
H12|POSTCOVID_LLEIDA,Edad ≥ 65 (%),42.4,65.8,31.6
H12|POSTCOVID_LLEIDA,Mujeres (%),31.5,29.2,23.3
H12|POSTCOVID_LLEIDA,"Estancia (mediana, días)",17.0,18.0,20.0
H12|POSTCOVID_LLEIDA,ingreso_uci (%),81.7,77.0,76.1
H12|POSTCOVID_LLEIDA,traqueo (%),17.8,20.4,23.8
H12|POSTCOVID_LLEIDA,hta (%),47.8,57.1,50.8
H12|POSTCOVID_LLEIDA,diabetes (%),22.2,22.9,23.5
H12|POSTCOVID_LLEIDA,epoc (%),,,
H12|POSTCOVID_LLEIDA,card_cronica (%),,,
H12|POSTCOVID_LLEIDA,renal_cronica (%),,,8.3
H12|POSTCOVID_LLEIDA,hads_a (% sí / alterado),11.8,,9.7
H12|POSTCOVID_LLEIDA,hads_d (% sí / alterado),,,9.7
H12|POSTCOVID_LLEIDA,mmrc (% sí / alterado),15.4,,22.0
H12|POSTCOVID_LLEIDA,pm6m (% sí / alterado),21.7,17.8,25.4
H12|POSTCOVID_LLEIDA,astenia (% sí / alterado),,0.0,
H12|POSTCOVID_LLEIDA,fatiga_muscular (% sí / alterado),18.9,,25.8
H12|POSTCOVID_LLEIDA,fev1 (% sí / alterado),,,50.7
H12|TENACITY,N,17.0,14.0,35.0
H12|TENACITY,Edad ≥ 65 (%),,,34.5
H12|TENACITY,Mujeres (%),,,34.5
H12|TENACITY,"Estancia (mediana, días)",24.0,17.0,19.0
H12|TENACITY,ingreso_uci (%),100.0,100.0,100.0
H12|TENACITY,traqueo (%),,,
H12|TENACITY,hta (%),,,48.6
H12|TENACITY,diabetes (%),,,37.1
H12|TENACITY,epoc (%),,0.0,
H12|TENACITY,card_cronica (%),,0.0,
H12|TENACITY,renal_cronica (%),,,
H12|TENACITY,hads_a (% sí / alterado),0.0,,
H12|TENACITY,hads_d (% sí / alterado),,,
H12|TENACITY,mmrc (% sí / alterado),,,
H12|TENACITY,pm6m (% sí / alterado),,,45.2
H12|TENACITY,astenia (% sí / alterado),0.0,,
H12|TENACITY,fatiga_muscular (% sí / alterado),,,
H12|TENACITY,fev1 (% sí / alterado),,,80.0
