horizonte,fenotipo,N,dlco_M3,fvc_M3,fatiga_M3,resolucion_M3,dlco_M6,dlco_cambio,fvc_M6,fvc_cambio,fatiga_M6,resolucion_M6,dlco_A1,fvc_A1
H3,F1,255,79.2,93.0,0.0,0.0,,,,,,,,
H3,F2,362,69.6,85.6,1.0,1.0,,,,,,,,
H3,F3,296,67.0,84.0,0.0,1.0,,,,,,,,
H6,F1,272,67.0,91.2,0.0,1.0,78.0,5.9,93.0,3.0,0.0,0.0,,
H6,F2,289,65.0,82.0,1.0,1.0,71.0,4.5,88.0,6.0,1.0,1.0,,
H6,F3,238,63.0,84.0,0.0,1.0,70.0,4.5,87.0,5.8,0.0,1.0,,
H12,F1,194,69.0,90.0,0.0,0.0,71.5,8.0,91.0,5.0,0.0,0.0,78.0,94.0
H12,F2,192,67.0,85.6,1.0,1.0,68.0,2.1,87.0,4.0,1.0,1.0,76.0,93.0
H12,F3,180,65.0,79.5,0.0,1.0,67.0,6.0,85.0,4.0,0.0,1.0,74.0,83.0
