cohorte,desenlace,fenotipo H3,N,%,IC95
CIBERESUCICOVID,DLCO < 80 % a 12 m,F1,58,62.1,49–73
CIBERESUCICOVID,DLCO < 80 % a 12 m,F2,92,63.0,53–72
CIBERESUCICOVID,DLCO < 80 % a 12 m,F3,70,71.4,60–81
CIBERESUCICOVID,Reingreso hasta 12 m,F1,255,8.6,6–13
CIBERESUCICOVID,Reingreso hasta 12 m,F2,362,9.4,7–13
CIBERESUCICOVID,Reingreso hasta 12 m,F3,295,10.2,7–14
CIBERESUCICOVID,Urgencias hasta 12 m,F1,255,25.1,20–31
CIBERESUCICOVID,Urgencias hasta 12 m,F2,362,29.3,25–34
CIBERESUCICOVID,Urgencias hasta 12 m,F3,295,29.5,25–35
POSTCOVID-Lleida,DLCO < 80 % a 12 m,F1,67,37.3,27–49
POSTCOVID-Lleida,DLCO < 80 % a 12 m,F2,45,48.9,35–63
POSTCOVID-Lleida,DLCO < 80 % a 12 m,F3,105,71.4,62–79
