horizonte,escenario,N,k,estructura,silueta,Jaccard estab. (media),ARI frente al principal
H3,principal,913,3,sí,0.58,0.99,
H3,k = 3 fijo,913,3,sí,0.58,0.99,1.0
H3,solo función,913,2,sí,0.4,0.93,0.01
H3,solo síntomas,913,2,no,0.51,0.86,0.5
H3,cmd99,909,3,sí,0.58,0.98,1.0
H6,principal,799,3,sí,0.5,1.0,
H6,k = 3 fijo,799,3,sí,0.5,1.0,1.0
H6,solo función,799,5,sí,0.24,0.72,0.01
H6,solo síntomas,799,2,no,0.44,0.94,0.57
H6,cmd99,797,3,sí,0.5,1.0,1.0
H6,sin cambios,799,3,sí,0.45,0.99,0.99
H12,principal,566,3,sí,0.37,0.68,
H12,k = 3 fijo,566,3,sí,0.37,0.64,1.0
H12,solo función,566,2,sí,0.33,0.82,0.02
H12,solo síntomas,541,2,no,0.41,0.87,0.5
H12,cmd99,564,5,sí,0.32,0.61,0.66
H12,sin cambios,566,2,sí,0.45,0.71,0.12
