prueba,registro,N,mediana,P25–P75,% < umbral,IC 95 %
DLCO,CIBERESUCICOVID,1289,71.0,59–83,67.4,64.8–69.9
DLCO,POSTCOVID-Lleida,594,70.0,60–82,70.2,66.4–73.7
DLCO,TENACITY,177,80.0,68–93,49.2,41.9–56.5
DLCO,Virgen del Rocío,61,60.0,51–73,86.9,76.2–93.2
FVC,CIBERESUCICOVID,1498,85.0,73–96,36.8,34.4–39.3
FVC,POSTCOVID-Lleida,606,81.25,71–92,43.4,39.5–47.4
FVC,TENACITY,179,84.0,74–95,38.5,31.7–45.8
FVC,Virgen del Rocío,65,85.0,71–96,41.5,30.4–53.7
FEV1,CIBERESUCICOVID,1493,89.0,77–100,29.0,26.8–31.4
FEV1,POSTCOVID-Lleida,604,88.3,76–99,31.1,27.6–34.9
FEV1,TENACITY,179,84.0,66–96,43.0,36.0–50.3
FEV1,Virgen del Rocío,65,87.0,77–98,32.3,22.2–44.4
